num_processes,elapsed_time_seconds
1,6.3147783279418945
2,6.312654972076416
4,6.288471460342407
8,6.31773829460144
16,6.342437028884888
32,6.308325529098511
64,6.2854228019714355
128,6.352182626724243
