num_processes,elapsed_time_seconds
1,6.487358570098877
2,6.376032829284668
4,6.324857950210571
8,6.385255813598633
16,6.3763368129730225
32,6.447680711746216
64,6.555455923080444
128,6.514242649078369
